{
  "all_combined": {
    "n_runs": 15,
    "avg": 32.44790827433268,
    "std": 0.5960440859277208,
    "min": 31.456436157226562,
    "max": 33.633975982666016
  }
}