{
  "alpha_0.0_1.0": {
    "n_runs": 15,
    "avg": 31.48366101582845,
    "std": 0.7542967287795657,
    "min": 30.102357864379883,
    "max": 33.29878616333008
  },
  "alpha_0.1_0.4": {
    "n_runs": 15,
    "avg": 30.180596923828126,
    "std": 0.5423953858016886,
    "min": 29.35517120361328,
    "max": 31.191396713256836
  },
  "alpha_0.2_0.9": {
    "n_runs": 15,
    "avg": 31.949678548177083,
    "std": 0.592306574531184,
    "min": 30.65687370300293,
    "max": 33.22062683105469
  },
  "alpha_0.3_0.8": {
    "n_runs": 15,
    "avg": 31.935470581054688,
    "std": 0.7542324982465325,
    "min": 30.956575393676758,
    "max": 33.23966598510742
  },
  "alpha_0.5_0.7": {
    "n_runs": 15,
    "avg": 33.146358744303384,
    "std": 0.7879359189120032,
    "min": 31.8985595703125,
    "max": 35.25792694091797
  }
}