{
  "challenge_short": {
    "n_runs": 1,
    "avg": 6.200370788574219,
    "std": 0.0,
    "min": 6.200370788574219,
    "max": 6.200370788574219,
    "params": {
      "source": "sample_11",
      "mut_prob": 0.0123,
      "xo_prob": 0.9891,
      "max_triangle_size": 0.573,
      "alpha_min": 0.178,
      "alpha_max": 0.521,
      "tournament_size": 5,
      "mating_min_dist": 0.0104,
      "mating_max_dist": 0.348
    }
  }
}