{
  "Uniform": {
    "n_runs": 15,
    "avg": 51.056148783365884,
    "std": 1.3242000055123948,
    "min": 49.40510177612305,
    "max": 53.86341857910156
  },
  "KPoint": {
    "n_runs": 15,
    "avg": 53.4128298441569,
    "std": 1.6912648879815202,
    "min": 50.78795623779297,
    "max": 57.305362701416016
  },
  "ReducedSurrogate": {
    "n_runs": 15,
    "avg": 58.67551879882812,
    "std": 1.1891514656546358,
    "min": 56.97193908691406,
    "max": 61.3179931640625
  },
  "Shuffle": {
    "n_runs": 15,
    "avg": 52.35679423014323,
    "std": 1.7081039122140085,
    "min": 50.00932693481445,
    "max": 55.188602447509766
  },
  "AdaptiveXO": {
    "n_runs": 15,
    "avg": 51.07057418823242,
    "std": 1.3408681325346494,
    "min": 49.40533447265625,
    "max": 53.885162353515625
  }
}