{
  "baseline": {
    "n_runs": 15,
    "avg": 30.180596923828126,
    "std": 0.5423953858016886,
    "min": 29.35517120361328,
    "max": 31.191396713256836
  },
  "adaptive_mutation_rule": {
    "n_runs": 15,
    "avg": 30.751546223958332,
    "std": 0.6277609845348386,
    "min": 29.559049606323242,
    "max": 31.593698501586914
  },
  "diversity_injection": {
    "n_runs": 15,
    "avg": 30.24708506266276,
    "std": 0.4035452021339256,
    "min": 29.623350143432617,
    "max": 31.074508666992188
  },
  "adaptive_and_injection": {
    "n_runs": 15,
    "avg": 31.27713826497396,
    "std": 0.6256265543364855,
    "min": 29.8596248626709,
    "max": 32.28823471069336
  },
  "fitness_sharing": {
    "n_runs": 15,
    "avg": 30.315806706746418,
    "std": 0.4965887702325267,
    "min": 29.322322845458984,
    "max": 31.124221801757812
  },
  "restricted_mating": {
    "n_runs": 15,
    "avg": 27.591260147094726,
    "std": 0.5629393137142734,
    "min": 26.635967254638672,
    "max": 28.713958740234375
  },
  "sharing_and_restricted": {
    "n_runs": 15,
    "avg": 27.634613037109375,
    "std": 0.6227268338216793,
    "min": 26.233455657958984,
    "max": 28.781492233276367
  }
}