{
  "VCF": {
    "n_runs": 15,
    "avg": 49.75449701944987,
    "std": 1.4027040048838202,
    "min": 47.87578201293945,
    "max": 53.08064651489258
  },
  "Full": {
    "n_runs": 15,
    "avg": 52.13011144002279,
    "std": 1.2579134751824663,
    "min": 50.3999137878418,
    "max": 54.6015510559082
  },
  "Gaussian": {
    "n_runs": 15,
    "avg": 43.16009801228841,
    "std": 1.0871584534693575,
    "min": 40.88526153564453,
    "max": 45.22856140136719
  },
  "ColorCreep": {
    "n_runs": 15,
    "avg": 49.47681579589844,
    "std": 1.9685799984185395,
    "min": 45.569358825683594,
    "max": 53.62210464477539
  },
  "AdaptiveMut": {
    "n_runs": 15,
    "avg": 41.75322901407878,
    "std": 1.169189972383413,
    "min": 39.5750617980957,
    "max": 43.98423767089844
  }
}