{
  "mut0.15_xo0.85": {
    "n_runs": 15,
    "avg": 36.76243947347005,
    "std": 1.188155673522445,
    "min": 35.41853713989258,
    "max": 39.73801040649414
  },
  "mut0.15_xo0.9": {
    "n_runs": 15,
    "avg": 35.83748118082682,
    "std": 0.6805916662058277,
    "min": 34.19137954711914,
    "max": 36.840110778808594
  },
  "mut0.15_xo0.95": {
    "n_runs": 15,
    "avg": 36.37159881591797,
    "std": 0.9122020427612856,
    "min": 34.94142150878906,
    "max": 38.012359619140625
  },
  "mut0.05_xo0.85": {
    "n_runs": 15,
    "avg": 33.15629692077637,
    "std": 0.8211696460166824,
    "min": 31.61488151550293,
    "max": 34.86989974975586
  },
  "mut0.05_xo0.9": {
    "n_runs": 15,
    "avg": 32.943372853597005,
    "std": 0.7476550516891092,
    "min": 32.052303314208984,
    "max": 34.32811737060547
  },
  "mut0.05_xo0.95": {
    "n_runs": 15,
    "avg": 32.90055351257324,
    "std": 0.7918522154422769,
    "min": 31.53017234802246,
    "max": 34.6295280456543
  },
  "mut0.01_xo0.85": {
    "n_runs": 15,
    "avg": 31.938687896728517,
    "std": 0.7704248854780797,
    "min": 30.302024841308594,
    "max": 33.29433822631836
  },
  "mut0.01_xo0.9": {
    "n_runs": 15,
    "avg": 31.715154393514,
    "std": 0.6197617391776812,
    "min": 30.96785545349121,
    "max": 33.029659271240234
  },
  "mut0.01_xo0.95": {
    "n_runs": 15,
    "avg": 31.48366101582845,
    "std": 0.7542967287795657,
    "min": 30.102357864379883,
    "max": 33.29878616333008
  }
}