{
  "mut0.15_xo0.85": {
    "n_runs": 15,
    "avg": 36.76243947347005,
    "std": 1.188155673522445,
    "min": 35.41853713989258,
    "max": 39.73801040649414
  },
  "mut0.15_xo0.9": {
    "n_runs": 15,
    "avg": 35.83748118082682,
    "std": 0.6805916662058277,
    "min": 34.19137954711914,
    "max": 36.840110778808594
  },
  "mut0.15_xo0.95": {
    "n_runs": 15,
    "avg": 36.37159881591797,
    "std": 0.9122020427612856,
    "min": 34.94142150878906,
    "max": 38.012359619140625
  }
}