{
  "mut0.01_xo0.85": {
    "n_runs": 15,
    "avg": 31.938687896728517,
    "std": 0.7704248854780797,
    "min": 30.302024841308594,
    "max": 33.29433822631836
  },
  "mut0.01_xo0.9": {
    "n_runs": 15,
    "avg": 31.715154393514,
    "std": 0.6197617391776812,
    "min": 30.96785545349121,
    "max": 33.029659271240234
  },
  "mut0.01_xo0.95": {
    "n_runs": 15,
    "avg": 31.48366101582845,
    "std": 0.7542967287795657,
    "min": 30.102357864379883,
    "max": 33.29878616333008
  }
}