{
  "size_1.0": {
    "n_runs": 15,
    "avg": 31.48366101582845,
    "std": 0.7542967287795657,
    "min": 30.102357864379883,
    "max": 33.29878616333008
  },
  "size_0.4": {
    "n_runs": 15,
    "avg": 32.014420954386395,
    "std": 0.4258630251878073,
    "min": 31.36622428894043,
    "max": 32.639076232910156
  },
  "size_0.25": {
    "n_runs": 15,
    "avg": 36.96178944905599,
    "std": 0.6528371918560185,
    "min": 35.82666015625,
    "max": 38.5058708190918
  },
  "size_0.15": {
    "n_runs": 15,
    "avg": 53.83590571085612,
    "std": 1.2550201181385054,
    "min": 51.79102325439453,
    "max": 55.90055847167969
  }
}